<?xml version="1.0" encoding="UTF-8"?>

<!-- generated on 12/13/21 11:21:57 by Eclipse SUMO GUI Version 1.8.0
<configuration xmlns:xsi="http://www.w3.org/2001/XMLSchema-instance" xsi:noNamespaceSchemaLocation="http://sumo.dlr.de/xsd/sumoConfiguration.xsd">

    <input>
        <net-file value="../maps/BlackwellTunnelNorthApproach/BlackwellTunnelNorthApproach.net.xml"/>
        <route-files value="../maps/BlackwellTunnelNorthApproach/BlackwellTunnelNorthApproach.rou.xml"/>
        <additional-files value="../output/additional.xml"/>
    </input>

    <time>
        <step-length value="0.1"/>
    </time>

    <processing>
        <collision.action value="none"/>
        <scale value="1"/>
    </processing>

    <report>
        <verbose value="true"/>
        <duration-log.statistics value="true"/>
    </report>

    <traci_server>
        <remote-port value="53736"/>
    </traci_server>

    <gui_only>
        <gui-settings-file value="../maps/BlackwellTunnelNorthApproach/gui.settings.xml"/>
        <start value="true"/>
        <tracker-interval value="0.1"/>
    </gui_only>

</configuration>
